{
    "0.0": 0.37538462542381656,
    "1.01010101e-05": 0.3951734922060057,
    "2.02020202e-05": 0.4400631474633646,
    "3.03030303e-05": 0.4854137616134896,
    "4.04040404e-05": 0.5205927729833373,
    "5.05050505e-05": 0.5461990344405647,
    "6.06060606e-05": 0.5640797824697766,
    "7.07070707e-05": 0.5765397888178192,
    "8.08080808e-05": 0.5856662609875675,
    "9.09090909e-05": 0.5922548320203457,
    "0.000101010101": 0.5970542971499992,
    "0.000111111111": 0.6006813023877691,
    "0.000121212121": 0.6034244415985147,
    "0.000131313131": 0.6055009887732841,
    "0.000141414141": 0.6069689964815574,
    "0.000151515152": 0.6081153838274345,
    "0.000161616162": 0.6090042637775224,
    "0.000171717172": 0.6095070525733982,
    "0.000181818182": 0.6098442336145684,
    "0.000191919192": 0.6100494612986608,
    "0.000202020202": 0.6101017247677508,
    "0.000212121212": 0.6099962856162322,
    "0.000222222222": 0.6097560202270906,
    "0.000232323232": 0.6095155828467258,
    "0.000242424242": 0.6091654419300163,
    "0.000252525253": 0.6087085102602954,
    "0.000262626263": 0.6081805101792781,
    "0.000272727273": 0.6076329504932481,
    "0.000282828283": 0.6070758257362678,
    "0.000292929293": 0.6064150951004917,
    "0.000303030303": 0.6057074551160855,
    "0.000313131313": 0.604965092725527,
    "0.000323232323": 0.6042461480947009,
    "0.000333333333": 0.6034832297642752,
    "0.000343434343": 0.602665013185104,
    "0.000353535354": 0.6018075949227902,
    "0.000363636364": 0.6009507572699322,
    "0.000373737374": 0.600106390470379,
    "0.000383838384": 0.5992346882575124,
    "0.000393939394": 0.5983356848110932,
    "0.000404040404": 0.597394695048302,
    "0.000414141414": 0.5964596535341398,
    "0.000424242424": 0.5955305221866971,
    "0.000434343434": 0.5946188936437626,
    "0.000444444444": 0.5936716612880679,
    "0.000454545455": 0.5927069377582714,
    "0.000464646465": 0.5917226841428865,
    "0.000474747475": 0.5907536322846557,
    "0.000484848485": 0.5897927118021014,
    "0.000494949495": 0.588851446160259,
    "0.000505050505": 0.5878870421650391,
    "0.000515151515": 0.5869130467592893,
    "0.000525252525": 0.5859244763316389,
    "0.000535353535": 0.5849452748417667,
    "0.000545454545": 0.5839798466801849,
    "0.000555555556": 0.5830378642090064,
    "0.000565656566": 0.5820914784835938,
    "0.000575757576": 0.5811477431999772,
    "0.000585858586": 0.5801871555198248,
    "0.000595959596": 0.5792269550829601,
    "0.000606060606": 0.5782755204315206,
    "0.000616161616": 0.5773391994815472,
    "0.000626262626": 0.576424277514671,
    "0.000636363636": 0.5755190584305624,
    "0.000646464646": 0.5746178794052006,
    "0.000656565657": 0.5737137918154114,
    "0.000666666667": 0.5728059926242746,
    "0.000676767677": 0.5719014626534992,
    "0.000686868687": 0.5710080233088906,
    "0.000696969697": 0.570129718316337,
    "0.000707070707": 0.5692725308944726,
    "0.000717171717": 0.5684264125779079,
    "0.000727272727": 0.567593674490599,
    "0.000737373737": 0.5667601321956581,
    "0.000747474747": 0.5659308402749597,
    "0.000757575758": 0.5651005234886746,
    "0.000767676768": 0.5642771142392661,
    "0.000777777778": 0.5634640838173015,
    "0.000787878788": 0.5626652476762334,
    "0.000797979798": 0.5618844969919992,
    "0.000808080808": 0.5611178952105896,
    "0.000818181818": 0.5603655297261226,
    "0.000828282828": 0.5596206789682899,
    "0.000838383838": 0.558881748878368,
    "0.000848484848": 0.5581458470404308,
    "0.000858585859": 0.5574135947238232,
    "0.000868686869": 0.5566866396273062,
    "0.000878787879": 0.5559687458208895,
    "0.000888888889": 0.555261137968956,
    "0.000898989899": 0.5545692553890883,
    "0.000909090909": 0.5538890831168903,
    "0.000919191919": 0.5532263390417337,
    "0.000929292929": 0.5525718982601066,
    "0.000939393939": 0.5519309697533653,
    "0.000949494949": 0.5512939274190287,
    "0.00095959596": 0.5506650290395914,
    "0.00096969697": 0.5500386847454162,
    "0.00097979798": 0.5494181230983637,
    "0.00098989899": 0.5488023768193977,
    "0.001": 0.5481943647439186
  }
  